{
  "model": "Qwen/Qwen2.5-1.5B",
  "bit": 4,
  "group_size": 128,
  "const_alpha": 0.35,
  "ppl": {
    "fp16": 9.700290173597097,
    "rtn": 10.877494082707207,
    "const_awq": 10.79295618582003,
    "search_awq": 11.042399984057866
  },
  "search_helps_over_rtn": false,
  "const_captures_pct": null
}