{
  "model": "Qwen/Qwen2.5-1.5B",
  "bit": 4,
  "group_size": 128,
  "const_alpha": 0.35,
  "ppl": {
    "fp16": 9.700290173597097,
    "rtn": 10.877494082707207,
    "const_awq": 10.79295618582003,
    "block_awq": 11.057562887527643,
    "search_awq": 11.042399984057866
  },
  "awq_helps_over_rtn": false,
  "const_captures_block_awq_pct": null
}