{
  "model": "Qwen/Qwen2.5-0.5B",
  "bit": 3,
  "group_size": 128,
  "const_alpha": 0.35,
  "ppl": {
    "fp16": 13.11808403006165,
    "rtn": 51.846910259652496,
    "const_awq": 27.12152367900447,
    "block_awq": 27.313016118511527,
    "search_awq": 27.36635643504057
  },
  "awq_helps_over_rtn": true,
  "const_captures_block_awq_pct": 100.8
}